{
	"slug" : "build-your-full-stack-developer-resume",
	"title" : "Build Your Full Stack Developer Resume",
	"preview": "https://github.com/4GeeksAcademy/build-your-full-stack-developer-resume/blob/main/preview.png?raw=trueg",
	"status": "draft",
	"translations": ["us"],
	"technologies": ["resume-building", "resume"],
	"difficulty": "beginner",
	"syntax": "markdown",
	"duration" : 3,
    "projectType": "project",
	"description" : "Build a Full Stack Developer Resume to showcase your skills, stand out from the crowd and land interviews",
	"delivery": {
		"instructions": {
			"us": "Please drag your finished resume as a PDF file and upload it here",
			"es": "Porfavor adjunta tu resume/CV listo y como archivo PDF"
		},
		"formats": ["application/pdf"]
	}
}
